Workbook

Sheet 汇总看板
A1: 《三国：谋定天下》数据运营分析 · 汇总
A2: 板块口径与产品侧数据交叉验证 · 数据截至 2026-08
A3: 核心指标
A4: 指标 | B4: 数值 | C4: 说明
A5: 区间起点收入（亿元） | B5: =B13 -> 18.2 | C5: 2024 Q3，板块口径
A6: 最新季度收入（亿元） | B6: =B20 -> 13.9 | C6: 2026 Q2，板块口径
A7: 区间累计变化 | B7: =IF(OR(B13="",B13=0),"",B20/B13-1) -> -0.23626374 | C7: 八个季度累计
A8: 最大单季跌幅 | B8: =MIN(C14:C20) -> -0.085526316 | C8: 环比最差的一个季度
A9: 环比回升次数 | B9: =COUNTIF(C14:C20,">0") -> 1 | C9: 全区间仅一次
A11: 平台侧：移动游戏单季收入（板块口径，含其他产品）
A12: 期间 | B12: 单季收入（亿元） | C12: 环比 | D12: 区间内表现
A13: 2024 Q3 | B13: 18.2 | C13: — | D13: 公测后首个完整季度，区间起点
A14: 2024 Q4 | B14: 17.9 | C14: =IF(OR(B13="",B13=0),"",B14/B13-1) -> -0.016483516
A15: 2025 Q1 | B15: 17.3 | C15: =IF(OR(B14="",B14=0),"",B15/B14-1) -> -0.033519553
A16: 2025 Q2 | B16: 16.1 | C16: =IF(OR(B15="",B15=0),"",B16/B15-1) -> -0.069364162 | D16: 隆中对版本于 5 月上线
A17: 2025 Q3 | B17: 15.1 | C17: =IF(OR(B16="",B16=0),"",B17/B16-1) -> -0.062111801 | D17: 区间低点
A18: 2025 Q4 | B18: 15.4 | C18: =IF(OR(B17="",B17=0),"",B18/B17-1) -> 0.01986755 | D18: 全区间唯一一次环比回升
A19: 2026 Q1 | B19: 15.2 | C19: =IF(OR(B18="",B18=0),"",B19/B18-1) -> -0.012987013
A20: 2026 Q2 | B20: 13.9 | C20: =IF(OR(B19="",B19=0),"",B20/B19-1) -> -0.085526316 | D20: 2 周年与赤壁惊涛剧本同期
A21: 校验 | B21: =IF(ROUND(B13-18.2,2)=0,"通过：起点收入与财报一致","不一致，需检查") -> 通过：起点收入与财报一致
A23: 脉冲模型：两个方向相反的指标
A24: 维度 | B24: 观测指标 | C24: 数值 | D24: 判断
A25: 脉冲端 | B25: 2026-06 赤壁惊涛当日流水增幅 | C25: 5.09 | D25: 仍在创新高（2025 年初以来最高）
A26: 脉冲端 | B26: 2026-07 武侯遗志单日排名提升 | C26: 94 | D26: 常规剧本仍有拉动能力
A27: 基线端 | B27: 平台游戏收入八个季度累计变化 | C27: -0.236 | D27: 缓慢下移
A28: 基线端 | B28: 2026 Q2 板块收入同比变化 | C28: -0.14 | D28: 继续下行

Sheet 原始数据
A1: 原始数据（全部来自公开信息）
A3: 一、发行方移动游戏单季收入（板块口径）
A4: 期间 | B4: 单季收入（亿元） | C4: 来源 | D4: 备注
A5: 2024 Q3 | B5: 18.2 | C5: 哔哩哔哩定期报告 | D5: 含三谋及其他产品
A6: 2024 Q4 | B6: 17.9 | C6: 哔哩哔哩定期报告 | D6: 含三谋及其他产品
A7: 2025 Q1 | B7: 17.3 | C7: 哔哩哔哩定期报告 | D7: 含三谋及其他产品
A8: 2025 Q2 | B8: 16.1 | C8: 哔哩哔哩定期报告 | D8: 含三谋及其他产品
A9: 2025 Q3 | B9: 15.1 | C9: 哔哩哔哩定期报告 | D9: 含三谋及其他产品
A10: 2025 Q4 | B10: 15.4 | C10: 哔哩哔哩定期报告 | D10: 含三谋及其他产品
A11: 2026 Q1 | B11: 15.2 | C11: 哔哩哔哩定期报告 | D11: 同比 −12%
A12: 2026 Q2 | B12: 13.9 | C12: 哔哩哔哩定期报告 | D12: 同比 −14%
A14: 二、赛季节点与榜单表现
A15: 时间 | B15: 剧本或动作 | C15: 榜单表现 | D15: 流水变化
A16: 2024-06-13 | B16: 公测 | C16: — | D16: 带动发行方游戏业务显著改善
A17: 2025-05 | B17: 隆中对版本 | C17: 畅销榜第 2 名 | D17: 当年度 SLG 品类最高排名
A18: 2025 全年 | B18: 持续赛季迭代 | C18: 7 次进入 TOP5 | D18: —
A19: 2026-06-06 | B19: 赤壁惊涛（2 周年） | C19: 畅销榜第 2 名 | D19: 单日流水 +509%，超 270 万美元
A20: 2026-07-25 | B20: 武侯遗志 | C20: 畅销总榜第 8 名 | D20: 单日排名 +94 位，当日约 36.8 万美元
A22: 三、口径说明
A23: ① 平台季度收入为发行方移动游戏板块整体，含三谋之外的产品，不能当作单产品流水。
A24: ② 两个单日流水数据来自不同第三方机构，统计范围不一致（前者含全球，后者以单一市场为主），绝对值不可直接比较。
A25: ③ 本表仅使用公开信息，未使用任何非公开数据。

Sheet 计算过程
A1: 计算过程（环比、区间变化与脉冲模型）
A3: 说明：环比与区间统计均由汇总表的原始数值推导。
A5: 期间 | B5: 单季收入（亿元） | C5: 环比 | D5: 累计变化（对起点） | E5: 说明
A6: =汇总看板!A13 -> 2024 Q3 | B6: =汇总看板!B13 -> 18.2 | C6: — | D6: =IF(OR(B6="",B6=0),"",B6/B6-1) -> 0 | E6: 区间起点
A7: =汇总看板!A14 -> 2024 Q4 | B7: =汇总看板!B14 -> 17.9 | C7: =IF(OR(B6="",B6=0),"",B7/B6-1) -> -0.016483516 | D7: =IF(OR(B6="",B6=0),"",B7/B6-1) -> -0.016483516
A8: =汇总看板!A15 -> 2025 Q1 | B8: =汇总看板!B15 -> 17.3 | C8: =IF(OR(B7="",B7=0),"",B8/B7-1) -> -0.033519553 | D8: =IF(OR(B6="",B6=0),"",B8/B6-1) -> -0.049450549
A9: =汇总看板!A16 -> 2025 Q2 | B9: =汇总看板!B16 -> 16.1 | C9: =IF(OR(B8="",B8=0),"",B9/B8-1) -> -0.069364162 | D9: =IF(OR(B6="",B6=0),"",B9/B6-1) -> -0.11538462
A10: =汇总看板!A17 -> 2025 Q3 | B10: =汇总看板!B17 -> 15.1 | C10: =IF(OR(B9="",B9=0),"",B10/B9-1) -> -0.062111801 | D10: =IF(OR(B6="",B6=0),"",B10/B6-1) -> -0.17032967
A11: =汇总看板!A18 -> 2025 Q4 | B11: =汇总看板!B18 -> 15.4 | C11: =IF(OR(B10="",B10=0),"",B11/B10-1) -> 0.01986755 | D11: =IF(OR(B6="",B6=0),"",B11/B6-1) -> -0.15384615 | E11: 全区间唯一回升
A12: =汇总看板!A19 -> 2026 Q1 | B12: =汇总看板!B19 -> 15.2 | C12: =IF(OR(B11="",B11=0),"",B12/B11-1) -> -0.012987013 | D12: =IF(OR(B6="",B6=0),"",B12/B6-1) -> -0.16483516
A13: =汇总看板!A20 -> 2026 Q2 | B13: =汇总看板!B20 -> 13.9 | C13: =IF(OR(B12="",B12=0),"",B13/B12-1) -> -0.085526316 | D13: =IF(OR(B6="",B6=0),"",B13/B6-1) -> -0.23626374
A15: 区间统计
A16: 指标 | B16: 数值 | C16: 计算说明
A17: 区间累计变化 | B17: =IF(OR(B6="",B6=0),"",B13/B6-1) -> -0.23626374 | C17: 末季 / 起点 − 1
A18: 最大单季跌幅 | B18: =MIN(C7:C13) -> -0.085526316 | C18: 八个季度中环比最低值
A19: 平均单季变化 | B19: =AVERAGE(C7:C13) -> -0.037160687 | C19: 七个环比值的均值
A20: 回升季度数 | B20: =COUNTIF(C7:C13,">0") -> 1 | C20: 环比为正的季度个数
A21: 下跌季度数 | B21: =COUNTIF(C7:C13,"<0") -> 6 | C21: 环比为负的季度个数
