Workbook

Sheet 汇总看板
A1: 《杖剑传说》数据运营分析 · 汇总
A2: 大陆与境外分列还原 · 数据截至 2026-08 · 全部来自公开披露
A3: 核心指标
A4: 指标 | B4: 数值 | C4: 说明
A5: 2025 总流水（亿元） | B5: =D15 -> 24.95 | C5: 大陆 + 境外
A6: 境外流水占比 | B6: =IF(OR(D15="",D15=0),"",计算过程!E9/D15) -> 0.31743487 | C6: 境外全年 / 总流水
A7: 峰值季度单季流水（亿元） | B7: =D13 -> 12.2 | C7: 2025 Q3，上线后第二个季度
A8: 首发季占全年比 | B8: =IF(OR(D15="",D15=0),"",D12/D15) -> 0.16993988 | C8: 2025 Q2 / 全年
A10: 单季流水（大陆 / 境外，由累计口径还原）
A11: 期间 | B11: 大陆（亿元） | C11: 境外（亿元） | D11: 合计（亿元） | E11: 环比 | F11: 说明
A12: 2025 Q2 | B12: 4.24 | C12: 0 | D12: =B12+C12 -> 4.24 | E12: — | F12: 大陆 5/29 上线，约一个月；境外未上线
A13: 2025 Q3 | B13: 7.42 | C13: 4.78 | D13: =B13+C13 -> 12.2 | E13: =IF(OR(D12="",D12=0),"",D13/D12-1) -> 1.8773585 | F13: 境外 7/15 上线，约两个半月；达峰值
A14: 2025 Q4 | B14: 5.37 | C14: 3.14 | D14: =B14+C14 -> 8.51 | E14: =IF(OR(D13="",D13=0),"",D14/D13-1) -> -0.30245902 | F14: 首个完整运营季度
A15: 2025 全年 | B15: =B12+B13+B14 -> 17.03 | C15: =C12+C13+C14 -> 7.92 | D15: =D12+D13+D14 -> 24.95 | E15: — | F15: 与年报全年数据核对
A16: 校验 | B16: =IF(AND(ROUND(计算过程!C9-17.03,2)=0,ROUND(计算过程!E9-7.92,2)=0),"通过：大陆与境外还原值均与年报一致","不一致，需检查") -> 通过：大陆与境外还原值均与年报一致
A18: 同门对照（同一家公司、同一年上线）
A19: 产品 | B19: 2025 全年流水（亿元） | C19: 峰值季度 | D19: 首次出海（距上线） | E19: 说明
A20: 问剑长生 | B20: 8.24 | C20: 首发季度 | D20: 约 11 个月 | E20: 境外占比极低
A21: 杖剑传说 | B21: 24.95 | C21: 第二个季度 | D21: 约 1.5 个月 | E21: 境外占比约 32%

Sheet 原始数据
A1: 原始数据（全部来自公开披露）
A3: 一、累计流水（官方披露）
A4: 产品线与期间 | B4: 累计流水（亿元） | C4: 披露文件 | D4: 备注
A5: 杖剑传说（大陆）2025 Q2 | B5: 4.24 | C5: 2025 年半年报 | D5: 公测首月
A6: 杖剑传说（大陆）2025 Q3 | B6: 11.66 | C6: 2025 年三季度报告 | D6: 累计值，非单季
A7: 杖剑传说（大陆）2025 全年 | B7: 17.03 | C7: 2025 年年度报告 | D7: 用于交叉校验
A8: 杖剑传说（境外）2025 Q3 | B8: 4.78 | C8: 2025 年三季度报告 | D8: 7 月 15 日上线
A9: 杖剑传说（境外）2025 全年 | B9: 7.92 | C9: 2025 年年度报告 | D9: 用于交叉校验
A10: 杖剑传说 2026 Q1（大陆+境外） | B10: 7.48 | C10: 2026 年一季度报告 | D10: 官方合计口径
A12: 二、大陆畅销榜排名（中国大陆 iOS 游戏畅销榜）
A13: 期间 | B13: 平均排名 | C13: 最高排名 | D13: 说明
A14: 2025 上线首月 | B14: — | C14: 10 | D14: 第三方与官方口径混合
A15: 2025 全年 | B15: 34 | C15: — | D15: 报告期平均排名
A16: 2026 Q2 | B16: 69 | C16: 54 | D16: 平均与最高均为报告期口径
A18: 三、2026 Q2 分地区畅销榜最高位
A19: 市场 | B19: 最高排名 | C19: 说明
A20: 中国澳门 | B20: 3 | C20: 中文市场延伸，表现最强
A21: 中国香港 | B21: 9 | C21: 保持在前十
A22: 中国台湾 | B22: 15 | C22: 较上线初期回落但仍在头部
A23: 日本 | B23: 74 | C23: 与中文市场差距明显

Sheet 计算过程
A1: 计算过程（单季还原与结构分析）
A3: 说明：公司披露累计流水，本表还原为单季。大陆与境外分别还原后加总。
A5: 期间 | B5: 大陆累计（亿元） | C5: 大陆单季（亿元） | D5: 境外累计（亿元） | E5: 境外单季（亿元） | F5: 计算说明
A6: 2025 Q2 | B6: 4.24 | C6: =B6 -> 4.24 | D6: — | E6: — | F6: 大陆累计即单季；境外未上线
A7: 2025 Q3 | B7: 11.66 | C7: =B7-B6 -> 7.42 | D7: 4.78 | E7: =D7 -> 4.78 | F7: 累计相减；境外本季为首期
A8: 2025 Q4 | B8: 17.03 | C8: =B8-B7 -> 5.37 | D8: 7.92 | E8: =D8-D7 -> 3.14 | F8: 均有前期累计可减
A9: 合计 | B9: =B8 -> 17.03 | C9: =SUM(C6:C8) -> 17.03 | D9: =D8 -> 7.92 | E9: =SUM(E7:E8) -> 7.92 | F9: 与年报核对：大陆 17.03 / 境外 7.92
A10: 校验 | B10: =IF(AND(ROUND(C9-17.03,2)=0,ROUND(E9-7.92,2)=0),"通过：大陆与境外还原值均与年报一致","不一致，需检查") -> 通过：大陆与境外还原值均与年报一致
A12: 结构分析（引用汇总表）
A13: 指标 | B13: 数值 | C13: 计算说明
A14: 境外流水占比（2025） | B14: =IF(OR(汇总看板!D15="",汇总看板!D15=0),"",E9/汇总看板!D15) -> 0.31743487 | C14: 境外全年 / 总流水
A15: 峰值季度占全年比 | B15: =IF(OR(汇总看板!D15="",汇总看板!D15=0),"",汇总看板!D13/汇总看板!D15) -> 0.48897796 | C15: Q3 合计 / 全年
A16: 首发季占全年比 | B16: =IF(OR(汇总看板!D15="",汇总看板!D15=0),"",汇总看板!D12/汇总看板!D15) -> 0.16993988 | C16: Q2 合计 / 全年
A17: Q3 至 Q4 环比 | B17: =IF(OR(汇总看板!D13="",汇总看板!D13=0),"",汇总看板!D14/汇总看板!D13-1) -> -0.30245902 | C17: 回落幅度
